{"score_1": {"min": 30.43956756591797, "max": 1671882.375, "w": 1.0}, "score_2": {"min": 0.0, "max": 0.0017806754913181067, "w": 0.0}}