{"score_1": {"min": -1645.893310546875, "max": 1245.7017822265625, "w": 1.0}, "score_2": {"min": 0.0, "max": 0.0010114696342498064, "w": 0.0}}