{"score_1": {"min": 69.61878967285156, "max": 80.86778259277344, "w": 0.0}, "score_2": {"min": 0.0, "max": 0.0010628453455865383, "w": 1.0}}