{"score_1": {"min": 16.089324951171875, "max": 2537899.0, "w": 1.0}, "score_2": {"min": 0.0, "max": 0.0014648949727416039, "w": 0.0}}