{"score_1": {"min": 113.77142333984375, "max": 546.910888671875, "w": 0.0}, "score_2": {"min": 0.0, "max": 0.0010021408088505268, "w": 1.0}}