{"score_1": {"min": 940.8424072265625, "max": 1189.29248046875, "w": 0.0}, "score_2": {"min": 0.0, "max": 0.0010612320620566607, "w": 1.0}}