{"score_1": {"min": 225.76600646972656, "max": 1253.759033203125, "w": 0.0}, "score_2": {"min": 0.0, "max": 0.0011517840903252363, "w": 1.0}}