{"score_1": {"min": 43.170654296875, "max": 75.120361328125, "w": 0.0}, "score_2": {"min": 0.0, "max": 0.0011599280405789614, "w": 1.0}}