{"score_1": {"min": -8.64013671875, "max": -6.3486328125, "w": 0.09}, "score_2": {"min": 0.0, "max": 0.0010625096037983894, "w": 0.91}}