{"score_1": {"min": -8.261993408203125, "max": -6.3345947265625, "w": 0.13}, "score_2": {"min": 0.0, "max": 0.0010163243860006332, "w": 0.87}}