{"score_1": {"min": 0.0007887539686635137, "max": 6.530336380004883, "w": 0.98}, "score_2": {"min": 0.0, "max": 0.0846123993396759, "w": 0.02}}