{"score_1": {"min": 0.0011880210367962718, "max": 8.472530364990234, "w": 1.0}, "score_2": {"min": 0.0, "max": 0.056371480226516724, "w": 0.0}}