{"score_1": {"min": 0.0006761247059330344, "max": 6.251443862915039, "w": 1.0}, "score_2": {"min": 0.0, "max": 0.07261806726455688, "w": 0.0}}