{"score_1": {"min": 0.001174985896795988, "max": 5.566291809082031, "w": 1.0}, "score_2": {"min": 0.0, "max": 0.07791641354560852, "w": 0.0}}