{"score_1": {"min": 22.34520721435547, "max": 395288.125, "w": 1.0}, "score_2": {"min": 0.0, "max": 0.0017635304247960448, "w": 0.0}}