{"score_1": {"min": 13.40965461730957, "max": 1478067.75, "w": 1.0}, "score_2": {"min": 0.0, "max": 0.001823057304136455, "w": 0.0}}