{"score_1": {"min": 15.333717346191406, "max": 946111.5625, "w": 1.0}, "score_2": {"min": 0.0, "max": 0.0015824998263269663, "w": 0.0}}