{"score_1": {"min": 12.745336532592773, "max": 2361043.5, "w": 1.0}, "score_2": {"min": 0.0, "max": 0.0015832572244107723, "w": 0.0}}