{"score_1": {"min": 13.295636177062988, "max": 609371.625, "w": 1.0}, "score_2": {"min": 0.0, "max": 0.0014001931995153427, "w": 0.0}}