{"score_1": {"min": 152.44851684570312, "max": 289.54193115234375, "w": 0.97}, "score_2": {"min": 0.0, "max": 0.0010603151749819517, "w": 0.03}}