{"score_1": {"min": 709.272216796875, "max": 879.9749755859375, "w": 0.93}, "score_2": {"min": 0.0, "max": 0.001278103794902563, "w": 0.07}}