{"score_1": {"min": 18.066383361816406, "max": 42.02793884277344, "w": 1.0}, "score_2": {"min": 0.0, "max": 0.001042845193296671, "w": 0.0}}