{"score_1": {"min": 60.144493103027344, "max": 457.629150390625, "w": 0.02}, "score_2": {"min": 0.0, "max": 0.0013817797880619764, "w": 0.98}}