{"score_1": {"min": 1.2299532272663782e-06, "max": 0.05016389489173889, "w": 1.0}, "score_2": {"min": 0.0, "max": 0.11251119524240494, "w": 0.0}}