{"score_1": {"min": 1.1943848221562803e-06, "max": 1.7621707684156718e-06, "w": 1.0}, "score_2": {"min": 0.0, "max": 0.08067961782217026, "w": 0.0}}