{"score_1": {"min": 5.738711479352787e-06, "max": 1.1393840312957764, "w": 1.0}, "score_2": {"min": 0.0, "max": 0.09194812178611755, "w": 0.0}}