{"score_1": {"min": 7.250954467963311e-07, "max": 1.406917929649353, "w": 1.0}, "score_2": {"min": 0.0, "max": 0.11616770178079605, "w": 0.0}}