{"score_1": {"min": 65.09137725830078, "max": 90.58084106445312, "w": 0.01}, "score_2": {"min": 0.0, "max": 0.0009593584109097719, "w": 0.99}}