{"score_1": {"min": 65.07684326171875, "max": 69.49431610107422, "w": 0.0}, "score_2": {"min": 0.0, "max": 0.0010109673021361232, "w": 1.0}}