{"score_1": {"min": 67.37628173828125, "max": 74.36827087402344, "w": 0.0}, "score_2": {"min": 0.0, "max": 0.0010396572761237621, "w": 1.0}}