{"score_1": {"min": 74.36930847167969, "max": 81.6135025024414, "w": 0.0}, "score_2": {"min": 0.0, "max": 0.0011343758087605238, "w": 1.0}}