{"score_1": {"min": -3.991332769393921, "max": 624.0328369140625, "w": 1.0}, "score_2": {"min": 0.0, "max": 0.0010559950023889542, "w": 0.0}}