{"score_1": {"min": -881.9269409179688, "max": 2039.2203369140625, "w": 1.0}, "score_2": {"min": 0.0, "max": 0.0029805477242916822, "w": 0.0}}